Depth_meter,Water_Temperature_celsius
1.00000,6.38279
3.00000,6.35213
15.0000,6.18696
